nombre,apellido,ci,direccion,telefono
Dana,Hall,59238153,"424 Julie Grove Apt. 560, Jeremyburgh, MN 69154",+1-127-399-9164x0400
Lauren,Moore,93782202,"98308 Shawn Plains Suite 995, Michaeltown, MN 24886",369.039.7662x2667
Margaret,Doyle,1985840,"1290 Bartlett Summit, North Wendy, HI 52658",865-867-7149x544
Jennifer,Bennett,64320559,"883 Nelson Shoal Suite 006, Port Joshuatown, NM 89462",(858)787-8792x9095
Jason,Jordan,45720013,"727 Mathis Wall, South Kimberly, KS 64890",830-584-6891x42822
Caleb,Morgan,66660168,"1980 Courtney Port Apt. 941, Michaelberg, NH 49079",5119144952
Kaylee,Sandoval,31116136,"316 Acevedo Meadows Suite 626, Port Roger, ID 35580",275-547-5327
Theresa,Bush,39148967,"18997 Thompson Shore Suite 245, North Nicholasmouth, MA 00698",422.827.3184
Peggy,Rodriguez,43010187,"7722 Sandra Drive, Port Richardville, CO 76091",001-134-628-7452
Deborah,Powell,36652277,"13857 Martin Manors, Stephenton, MI 23485",331.276.1531x5233
Christina,Edwards,48404341,"784 Smith Spur Apt. 438, West Scottville, NH 69990",899.866.5953x57280
Theresa,Olson,63642300,"021 Manuel Inlet, Port Bryan, WV 30615",001-256-895-6360x9390
Norma,Rojas,76171644,"92544 Peterson Loop, Riveraview, ME 58653",+1-565-640-3746
Roy,Singh,70214066,"73293 Molly Groves, New Melissa, NM 16412",362.108.0119x2293
Debbie,Diaz,31733361,"59839 Kathryn Port Suite 941, South Mary, WA 25206",001-224-452-7581x160
Bryan,Cooper,96869111,"9151 Franklin Hills Apt. 605, Garyland, KY 60558",9228957164
Taylor,Johnson,18091434,"24549 Tracy Mills Apt. 952, Aguirreport, HI 76211",(168)782-6528
Michael,Garza,43919029,"13730 Rivera Knoll, Scotthaven, AZ 41333",637.089.6539x542
Gregory,Moran,82933403,"6244 Michelle Burgs, Port Jacobfurt, CO 10576",+1-938-135-7891x22999
Brandon,Haley,76968058,"071 Deborah Ranch, East Travis, ID 68787",991-258-0954x8394
Alexander,Gutierrez,67720029,"1492 Johnson Bridge Suite 063, Hudsonport, AL 23504",001-978-100-1266x923
Debra,Rodriguez,86330938,"4260 Mccoy Path Apt. 859, Lake Antonio, NY 83110",3572933031
Kelly,Morris,32309569,"96406 Katherine Turnpike, Martinfurt, IN 54243",001-628-795-0983x38673
Ashley,Miller,97423502,"0512 Amy Glens, Port Kristinaberg, NY 28834",001-794-603-9435x147
Nathan,Carter,30807425,"Unit 1543 Box 5333, DPO AE 90291",(184)256-0808x6143
William,Doyle,76843185,"PSC 1868, Box 5221, APO AA 96401",001-427-438-9317x3564
Sarah,Hebert,89774363,"Unit 2758 Box 2176, DPO AA 42298",+1-472-406-1792x116
Jesse,Garrett,12628435,"090 Andersen Loop Suite 332, North Amandaberg, MI 64123",362.992.5205x21859
Patricia,Garcia,58042230,"789 Mitchell Ridges, East Blakefurt, NY 93647",395-417-2017x45470
Matthew,Morris,59316068,"556 Andre Road Suite 690, West Andrewberg, DC 07150",+1-843-539-1365x40174
Cynthia,James,14979420,"20290 Mitchell Center Apt. 374, Arielstad, SD 70805",798-032-3312x10981
Brittany,Barber,1096377,"760 Warner Fords Apt. 948, Emilyhaven, AR 60535",001-936-484-1594
Sydney,Palmer,79305156,"451 Cline Summit, Port Danielmouth, OR 14323",+1-390-004-7180
Victor,Young,89678020,"3697 Parker Bridge Suite 151, South Stephen, MI 36984",+1-328-774-7112x804
Michael,Atkins,97132690,"524 Williams Parkways Suite 549, Charlesstad, AK 59331",+1-259-447-0723x531
Morgan,Williams,89097169,"905 Erika Mount Suite 327, Lake Katrinafurt, AR 35147",200-468-9415
Timothy,Morgan,29863080,"837 Erika Light, Bradborough, WA 15467",+1-308-523-9787
Ryan,Griffin,8770180,"454 Peter Circle Apt. 295, North Bob, GA 76438",(122)826-6054
Max,Elliott,2448832,"5519 Diaz Lodge, West Stacey, KS 20202",829.281.5998
Colleen,Davis,97381557,"4726 Ward Island Apt. 425, Townsendstad, MN 35637",+1-526-332-9796x93052
Anthony,Ortiz,92890647,"PSC 1064, Box 9360, APO AP 80890",697.796.6604
Gregory,Huffman,97776499,"96324 Stephanie Mount Suite 758, West Ashley, NM 91687",(435)049-6303
Melissa,Lynch,48505416,"983 Rachel Loaf Suite 579, North Julie, TN 56010",(424)746-9373x277
Benjamin,Velez,84507664,"461 Nelson Drive, West David, IL 76121",001-201-249-4420
Joshua,Duffy,54314885,"5988 Jefferson Point Apt. 056, Nortonshire, IN 16140",(619)485-2002x65055
Zachary,Daugherty,92537257,"119 Jason Row Suite 201, Lake Michaelchester, UT 85131",635-112-4323
Robin,Cruz,44193427,"84638 Lisa Ridges, Melissamouth, NY 31102",939.091.4610x1551
Christy,Ponce,5677977,"116 Hernandez Islands Apt. 232, Lake Ashleymouth, OH 72822",633.915.2417
Shannon,David,96920595,"72939 Bell Greens Suite 229, Rodriguezbury, MI 89921",001-404-736-3495
Andrew,Briggs,48244022,"800 Richard Road, Shawntown, OH 50567",640-500-5190
Natalie,Fox,26535653,"99641 Henry Wall, New John, PA 34568",(308)871-3267x1331
Eric,Brennan,53505600,"380 Moore Park Apt. 046, Wadechester, WI 84383",+1-314-883-5438
Ryan,Carter,66661689,"14431 Ricky Place Apt. 536, Camachobury, NC 48283",(197)712-1844x0663
Angel,Martin,32675644,"6604 Stanley Ports Apt. 102, East Rachel, MA 56235",(847)314-2933
Dennis,Jacobson,56949152,"8067 Benjamin Shoal Apt. 865, Port Lawrencemouth, NY 30930",606-772-3188x183
Courtney,Joseph,97008460,"4390 Krueger Harbors Apt. 992, South Kimberlyfort, KS 57512",(082)263-4989
Brett,Hall,92763359,"7944 Gamble Curve Apt. 781, East Frankchester, ND 33417",001-554-808-1619x6711
Jennifer,Huff,25898276,"8056 Campbell Corner, Paynemouth, PA 25209",+1-037-862-8803
Sara,Peters,42412872,"462 James Hills Apt. 740, South Samueltown, GA 89103",563-468-5921
Mark,Beck,91214918,"Unit 6453 Box 8399, DPO AP 05284",334.227.3013x6660
Dustin,Roberts,60892453,"093 Tucker Creek Suite 175, New Bonnie, CT 47446",+1-734-410-1963x73786
April,Mcmahon,53464396,"716 Mckay Fall, New Katrinamouth, RI 25782",001-760-244-8469x071
Thomas,Griffith,49257917,"9143 Ford Mills Apt. 751, Deborahborough, DC 87692",412.089.8787x42065
Kevin,Williams,12867922,"PSC 0361, Box 0679, APO AE 15843",027-901-0427x233
Danielle,Solomon,20644427,"7521 Nancy Ranch, North Danafurt, WI 35121",7418215583
Melanie,Gregory,13659732,"848 Eric Knoll, North Justinchester, KS 69953",(156)120-6809
Joseph,Hopkins,54577468,"00003 Rodriguez Street Apt. 447, Port Danielbury, KY 77963",+1-128-155-4501x645
Joshua,Merritt,20781270,"31658 Evan Route Apt. 814, Brownstad, NH 78159",001-378-173-5955
Jennifer,Terry,68522308,"1566 Allen Vista, Savannahfurt, OH 37483",001-331-632-3056x119
Amy,Williams,46258342,"6544 Patterson Extension Suite 272, Fernandezstad, DE 04436",001-255-314-5901x789
Jerry,Gibson,49665834,"39355 Kenneth Harbors, West Christinastad, MT 10762",001-682-778-5050x1770
Stephanie,Fox,34781069,"62799 Armstrong Avenue Apt. 932, South Tonya, ID 01948",087.764.7599x81290
Seth,Beard,15863954,"05673 Amanda Flats, Natalieberg, LA 70433",+1-269-146-3195
Lori,Hernandez,43989758,"714 Howard Walk Suite 656, Adrianmouth, IL 12621",066-396-3651x03413
Kevin,Miller,7376796,"542 Deborah Park Apt. 279, North Kylemouth, KY 26390",825.422.5645x77629
Shawn,Baker,88090796,"0575 Marcus Lakes Suite 118, Debraport, NE 45239",+1-715-768-0685x0509
Thomas,Gordon,33056271,"8839 Gina Parkways, Wilsonton, MD 45034",7289099964
Timothy,Austin,25695958,"2337 Tina Trafficway, Lisaborough, OK 94452",216-339-9362x74911
Katrina,Klein,22595451,"1744 Bennett Forges, Amandaville, SC 43032",(518)297-9968x5482
Erin,Patrick,23162259,"0385 Hansen Ways, Lake Joycehaven, OR 95733",038.606.6988x3115
Robert,Parker,40303136,"99488 Kramer Lakes Apt. 055, Hernandezview, CA 59698",(748)229-1382
Steve,Martinez,87917204,"5316 Higgins Rapids Apt. 999, Mccartytown, ND 63318",841-950-9242
Matthew,Woods,64207796,"805 Bradley Mission Apt. 769, Russellfort, GA 63444",3070212831
Glenda,Abbott,33504951,"62165 Emma Circle, North Jamesville, OH 94706",910-247-9824
Vanessa,Carter,33336457,"4272 Hickman Shores, East David, MO 62683",(092)904-1060x2341
Elizabeth,Smith,42441329,"734 Jennifer Overpass Suite 590, Port Darinfort, ID 91361",804.303.5840x653
John,Mcneil,82218353,"13591 Nelson Flats, South Shannon, OR 12781",001-882-159-2146x43213
Sandra,Fowler,66864660,"28742 Daniel Flats, East David, NM 82215",156.820.6992x9265
Jennifer,Stephens,71093181,"3970 Dickson Springs, Williamsmouth, MD 21886",5718964982
Jeffrey,Smith,57994861,"4944 Jade Keys, Elizabethtown, AK 61878",2104411139
Chelsea,Buchanan,66946629,"9970 Chandler Lodge Suite 903, Michaelmouth, MT 25436",(004)983-4290x6430
Bill,Thompson,54217570,"95468 William Forges, Josephstad, ME 74598",345-844-6711x632
Gail,Morrow,98662527,"8779 Clark Plains Suite 513, Collinsshire, CT 03407",1386581174
Jennifer,Owens,8453253,"Unit 4887 Box 5972, DPO AP 71233",079.339.3041
Paul,Church,24903954,"2623 Nathaniel Village Suite 154, Lake Jasmine, ID 69166",431-718-7524x8103
Jeffrey,Medina,95393430,"3438 Emily Glens Suite 641, North Sarahshire, DC 30356",+1-082-994-2297
Shelby,Mooney,4095629,"351 Mary Drives Apt. 487, Seanborough, IL 18198",728.366.4354x726
Nicholas,Ortiz,67040693,"9807 Robert Ranch, North Alexis, HI 09525",4504616653
Heather,Cameron,15626280,"5782 Jill Haven Suite 912, Tracibury, NY 45190",001-695-157-0122x44232
Michael,Vega,44959213,"083 Huff Extensions, Harrisonborough, NV 72108",(431)876-9451x1237
